,District,Total Confirmed Cases,Active Cases,Total Recovered,Total Death
0,Bagalkot,35117,40,34750,327
1,Ballari,97488,217,95586,1685
2,Belagavi,78559,435,77252,872
3,Bengaluru (Rural),61162,350,59953,859
4,Bengaluru (Urban),1230782,8378,1206488,15915
5,Bidar,24279,12,23867,396
6,Chamarajanagara,32544,302,31746,485
7,Chikkaballapura,43763,116,43223,423
8,Chikkamagaluru,48875,987,47511,377
9,Chitradurga,36067,527,35351,189
10,Dakshina Kannada,103457,3321,98667,1464
11,Davanagere,50480,200,49690,590
12,Dharwad,60567,130,59147,1288
13,Gadag,26004,31,25657,316
14,Hassan,107604,1518,104897,1187
15,Haveri,21874,18,21225,631
16,Kalaburagi,61678,97,60763,818
17,Kodagu,33853,762,32793,298
18,Kolara,45849,270,44984,595
19,Koppal,35110,75,34518,517
20,Mandya,72431,412,71392,627
21,Mysuru,174010,1318,170366,2326
22,Raichur,39897,29,39539,329
23,Ramanagara,24038,94,23633,311
24,Shivamogga,67336,656,65618,1062
25,Tumakuru,118325,897,116349,1079
26,Udupi,70948,1510,69006,432
27,Uttara Kannada,53911,556,52634,721
28,Vijayapura,36169,45,35635,489
29,Yadgir,27498,13,27279,206
30,Other State,36,0,33,3
